comuna_cut,comuna_nombre,region_cut,provincia
01101,Iquique,01,Iquique
01107,Alto Hospicio,01,Iquique
01401,Pozo Almonte,01,Tamarugal
01402,Camiña,01,Tamarugal
01403,Colchane,01,Tamarugal
01404,Huara,01,Tamarugal
01405,Pica,01,Tamarugal
02101,Antofagasta,02,Antofagasta
02102,Mejillones,02,Antofagasta
02103,Sierra Gorda,02,Antofagasta
02104,Taltal,02,Antofagasta
02201,Calama,02,El Loa
02202,Ollagüe,02,El Loa
02203,San Pedro de Atacama,02,El Loa
02301,Tocopilla,02,Tocopilla
02302,María Elena,02,Tocopilla
03101,Copiapó,03,Copiapó
03102,Caldera,03,Copiapó
03103,Tierra Amarilla,03,Copiapó
03201,Chañaral,03,Chañaral
03202,Diego de Almagro,03,Chañaral
03301,Vallenar,03,Huasco
03302,Alto del Carmen,03,Huasco
03303,Freirina,03,Huasco
03304,Huasco,03,Huasco
04101,La Serena,04,Elqui
04102,Coquimbo,04,Elqui
04103,Andacollo,04,Elqui
04104,La Higuera,04,Elqui
04105,Paiguano,04,Elqui
04106,Vicuña,04,Elqui
04201,Illapel,04,Choapa
04202,Canela,04,Choapa
04203,Los Vilos,04,Choapa
04204,Salamanca,04,Choapa
04301,Ovalle,04,Limarí
04302,Combarbalá,04,Limarí
04303,Monte Patria,04,Limarí
04304,Punitaqui,04,Limarí
04305,Río Hurtado,04,Limarí
05101,Valparaíso,05,Valparaíso
05102,Casablanca,05,Valparaíso
05103,Concón,05,Valparaíso
05104,Juan Fernández,05,Valparaíso
05105,Puchuncaví,05,Valparaíso
05107,Quintero,05,Valparaíso
05109,Viña del Mar,05,Valparaíso
05201,Isla de Pascua,05,Isla de Pascua
05301,Los Andes,05,Los Andes
05302,Calle Larga,05,Los Andes
05303,Rinconada,05,Los Andes
05304,San Esteban,05,Los Andes
05401,La Ligua,05,Petorca
05402,Cabildo,05,Petorca
05403,Papudo,05,Petorca
05404,Petorca,05,Petorca
05405,Zapallar,05,Petorca
05501,Quillota,05,Quillota
05502,Calera,05,Quillota
05503,Hijuelas,05,Quillota
05504,La Cruz,05,Quillota
05506,Nogales,05,Quillota
05601,San Antonio,05,San Antonio
05602,Algarrobo,05,San Antonio
05603,Cartagena,05,San Antonio
05604,El Quisco,05,San Antonio
05605,El Tabo,05,San Antonio
05606,Santo Domingo,05,San Antonio
05701,San Felipe,05,San Felipe de Aconcagua
05702,Catemu,05,San Felipe de Aconcagua
05703,Llaillay,05,San Felipe de Aconcagua
05704,Panquehue,05,San Felipe de Aconcagua
05705,Putaendo,05,San Felipe de Aconcagua
05706,Santa María,05,San Felipe de Aconcagua
05801,Quilpué,05,Marga Marga
05802,Limache,05,Marga Marga
05803,Olmué,05,Marga Marga
05804,Villa Alemana,05,Marga Marga
06101,Rancagua,06,Cachapoal
06102,Codegua,06,Cachapoal
06103,Coinco,06,Cachapoal
06104,Coltauco,06,Cachapoal
06105,Doñihue,06,Cachapoal
06106,Graneros,06,Cachapoal
06107,Las Cabras,06,Cachapoal
06108,Machalí,06,Cachapoal
06109,Malloa,06,Cachapoal
06110,Mostazal,06,Cachapoal
06111,Olivar,06,Cachapoal
06112,Peumo,06,Cachapoal
06113,Pichidegua,06,Cachapoal
06114,Quinta de Tilcoco,06,Cachapoal
06115,Rengo,06,Cachapoal
06116,Requínoa,06,Cachapoal
06117,San Vicente,06,Cachapoal
06201,Pichilemu,06,Cardenal Caro
06202,La Estrella,06,Cardenal Caro
06203,Litueche,06,Cardenal Caro
06204,Marchihue,06,Cardenal Caro
06205,Navidad,06,Cardenal Caro
06206,Paredones,06,Cardenal Caro
06301,San Fernando,06,Colchagua
06302,Chépica,06,Colchagua
06303,Chimbarongo,06,Colchagua
06304,Lolol,06,Colchagua
06305,Nancagua,06,Colchagua
06306,Palmilla,06,Colchagua
06307,Peralillo,06,Colchagua
06308,Placilla,06,Colchagua
06309,Pumanque,06,Colchagua
06310,Santa Cruz,06,Colchagua
07101,Talca,07,Talca
07102,Constitución,07,Talca
07103,Curepto,07,Talca
07104,Empedrado,07,Talca
07105,Maule,07,Talca
07106,Pelarco,07,Talca
07107,Pencahue,07,Talca
07108,Río Claro,07,Talca
07109,San Clemente,07,Talca
07110,San Rafael,07,Talca
07201,Cauquenes,07,Cauquenes
07202,Chanco,07,Cauquenes
07203,Pelluhue,07,Cauquenes
07301,Curicó,07,Curicó
07302,Hualañé,07,Curicó
07303,Licantén,07,Curicó
07304,Molina,07,Curicó
07305,Rauco,07,Curicó
07306,Romeral,07,Curicó
07307,Sagrada Familia,07,Curicó
07308,Teno,07,Curicó
07309,Vichuquén,07,Curicó
07401,Linares,07,Linares
07402,Colbún,07,Linares
07403,Longaví,07,Linares
07404,Parral,07,Linares
07405,Retiro,07,Linares
07406,San Javier,07,Linares
07407,Villa Alegre,07,Linares
07408,Yerbas Buenas,07,Linares
08101,Concepción,08,Concepción
08102,Coronel,08,Concepción
08103,Chiguayante,08,Concepción
08104,Florida,08,Concepción
08105,Hualqui,08,Concepción
08106,Lota,08,Concepción
08107,Penco,08,Concepción
08108,San Pedro de la Paz,08,Concepción
08109,Santa Juana,08,Concepción
08110,Talcahuano,08,Concepción
08111,Tomé,08,Concepción
08112,Hualpén,08,Concepción
08201,Lebu,08,Arauco
08202,Arauco,08,Arauco
08203,Cañete,08,Arauco
08204,Contulmo,08,Arauco
08205,Curanilahue,08,Arauco
08206,Los Alamos,08,Arauco
08207,Tirúa,08,Arauco
08301,Los Angeles,08,Biobío
08302,Antuco,08,Biobío
08303,Cabrero,08,Biobío
08304,Laja,08,Biobío
08305,Mulchén,08,Biobío
08306,Nacimiento,08,Biobío
08307,Negrete,08,Biobío
08308,Quilaco,08,Biobío
08309,Quilleco,08,Biobío
08310,San Rosendo,08,Biobío
08311,Santa Bárbara,08,Biobío
08312,Tucapel,08,Biobío
08313,Yumbel,08,Biobío
08314,Alto Biobío,08,Biobío
09101,Temuco,09,Cautín
09102,Carahue,09,Cautín
09103,Cunco,09,Cautín
09104,Curarrehue,09,Cautín
09105,Freire,09,Cautín
09106,Galvarino,09,Cautín
09107,Gorbea,09,Cautín
09108,Lautaro,09,Cautín
09109,Loncoche,09,Cautín
09110,Melipeuco,09,Cautín
09111,Nueva Imperial,09,Cautín
09112,Padre Las Casas,09,Cautín
09113,Perquenco,09,Cautín
09114,Pitrufquén,09,Cautín
09115,Pucón,09,Cautín
09116,Saavedra,09,Cautín
09117,Teodoro Schmidt,09,Cautín
09118,Toltén,09,Cautín
09119,Vilcún,09,Cautín
09120,Villarrica,09,Cautín
09121,Cholchol,09,Cautín
09201,Angol,09,Malleco
09202,Collipulli,09,Malleco
09203,Curacautín,09,Malleco
09204,Ercilla,09,Malleco
09205,Lonquimay,09,Malleco
09206,Los Sauces,09,Malleco
09207,Lumaco,09,Malleco
09208,Purén,09,Malleco
09209,Renaico,09,Malleco
09210,Traiguén,09,Malleco
09211,Victoria,09,Malleco
10101,Puerto Montt,10,Llanquihue
10102,Calbuco,10,Llanquihue
10103,Cochamó,10,Llanquihue
10104,Fresia,10,Llanquihue
10105,Frutillar,10,Llanquihue
10106,Los Muermos,10,Llanquihue
10107,Llanquihue,10,Llanquihue
10108,Maullín,10,Llanquihue
10109,Puerto Varas,10,Llanquihue
10201,Castro,10,Chiloé
10202,Ancud,10,Chiloé
10203,Chonchi,10,Chiloé
10204,Curaco de Vélez,10,Chiloé
10205,Dalcahue,10,Chiloé
10206,Puqueldón,10,Chiloé
10207,Queilén,10,Chiloé
10208,Quellón,10,Chiloé
10209,Quemchi,10,Chiloé
10210,Quinchao,10,Chiloé
10301,Osorno,10,Osorno
10302,Puerto Octay,10,Osorno
10303,Purranque,10,Osorno
10304,Puyehue,10,Osorno
10305,Río Negro,10,Osorno
10306,San Juan de la Costa,10,Osorno
10307,San Pablo,10,Osorno
10401,Chaitén,10,Palena
10402,Futaleufú,10,Palena
10403,Hualaihué,10,Palena
10404,Palena,10,Palena
11101,Coyhaique,11,Coyhaique
11102,Lago Verde,11,Coyhaique
11201,Aysén,11,Aysén
11202,Cisnes,11,Aysén
11203,Guaitecas,11,Aysén
11301,Cochrane,11,Capitán Prat
11302,O'Higgins,11,Capitán Prat
11303,Tortel,11,Capitán Prat
11401,Chile Chico,11,General Carrera
11402,Río Ibáñez,11,General Carrera
12101,Punta Arenas,12,Magallanes
12102,Laguna Blanca,12,Magallanes
12103,Río Verde,12,Magallanes
12104,San Gregorio,12,Magallanes
12201,Cabo de Hornos,12,Antártica Chilena
12202,Antártica,12,Antártica Chilena
12301,Porvenir,12,Tierra del Fuego
12302,Primavera,12,Tierra del Fuego
12303,Timaukel,12,Tierra del Fuego
12401,Natales,12,Última Esperanza
12402,Torres del Paine,12,Última Esperanza
13101,Santiago,13,Santiago
13102,Cerrillos,13,Santiago
13103,Cerro Navia,13,Santiago
13104,Conchalí,13,Santiago
13105,El Bosque,13,Santiago
13106,Estación Central,13,Santiago
13107,Huechuraba,13,Santiago
13108,Independencia,13,Santiago
13109,La Cisterna,13,Santiago
13110,La Florida,13,Santiago
13111,La Granja,13,Santiago
13112,La Pintana,13,Santiago
13113,La Reina,13,Santiago
13114,Las Condes,13,Santiago
13115,Lo Barnechea,13,Santiago
13116,Lo Espejo,13,Santiago
13117,Lo Prado,13,Santiago
13118,Macul,13,Santiago
13119,Maipú,13,Santiago
13120,Ñuñoa,13,Santiago
13121,Pedro Aguirre Cerda,13,Santiago
13122,Peñalolén,13,Santiago
13123,Providencia,13,Santiago
13124,Pudahuel,13,Santiago
13125,Quilicura,13,Santiago
13126,Quinta Normal,13,Santiago
13127,Recoleta,13,Santiago
13128,Renca,13,Santiago
13129,San Joaquín,13,Santiago
13130,San Miguel,13,Santiago
13131,San Ramón,13,Santiago
13132,Vitacura,13,Santiago
13201,Puente Alto,13,Cordillera
13202,Pirque,13,Cordillera
13203,San José de Maipo,13,Cordillera
13301,Colina,13,Chacabuco
13302,Lampa,13,Chacabuco
13303,Tiltil,13,Chacabuco
13401,San Bernardo,13,Maipo
13402,Buin,13,Maipo
13403,Calera de Tango,13,Maipo
13404,Paine,13,Maipo
13501,Melipilla,13,Melipilla
13502,Alhué,13,Melipilla
13503,Curacaví,13,Melipilla
13504,María Pinto,13,Melipilla
13505,San Pedro,13,Melipilla
13601,Talagante,13,Talagante
13602,El Monte,13,Talagante
13603,Isla de Maipo,13,Talagante
13604,Padre Hurtado,13,Talagante
13605,Peñaflor,13,Talagante
14101,Valdivia,14,Valdivia
14102,Corral,14,Valdivia
14103,Lanco,14,Valdivia
14104,Los Lagos,14,Valdivia
14105,Máfil,14,Valdivia
14106,Mariquina,14,Valdivia
14107,Paillaco,14,Valdivia
14108,Panguipulli,14,Valdivia
14201,La Unión,14,Ranco
14202,Futrono,14,Ranco
14203,Lago Ranco,14,Ranco
14204,Río Bueno,14,Ranco
15101,Arica,15,Arica
15102,Camarones,15,Arica
15201,Putre,15,Parinacota
15202,General Lagos,15,Parinacota
16101,Chillán,16,Diguillín
16102,Bulnes,16,Diguillín
16103,Chillán Viejo,16,Diguillín
16104,El Carmen,16,Diguillín
16105,Pemuco,16,Diguillín
16106,Pinto,16,Diguillín
16107,Quillón,16,Diguillín
16108,San Ignacio,16,Diguillín
16109,Yungay,16,Diguillín
16201,Quirihue,16,Itata
16202,Cobquecura,16,Itata
16203,Coelemu,16,Itata
16204,Ninhue,16,Itata
16205,Portezuelo,16,Itata
16206,Ranquil,16,Itata
16207,Treguaco,16,Itata
16301,San Carlos,16,Punilla
16302,Coihueco,16,Punilla
16303,Ñiquén,16,Punilla
16304,San Fabián,16,Punilla
16305,San Nicolás,16,Punilla
